File Name	Base Sequence	Full Sequence	Peptide Monoisotopic Mass	MS2 Retention Time	Precursor Charge	Theoretical MZ	Peak intensity	Peak RT Start	Peak RT Apex	Peak RT End	Peak MZ	Peak Charge	Peak Detection Type	PSMs Mapped	Base Sequences Mapped	Full Sequences Mapped	Peak Split Valley RT	Peak Apex Mass Error (ppm)
example-Calibrated	HADGSFSDEMSTILDNLATR	HADGSFSDEM[Common Variable:Oxidation of M]STILDNLATR	2194.98007617076	172.070456666667	2	1098.49731455226	3808502.03125	171.549153333333	172.200318333333	172.675485	732.666389498199	3	MSMS	2	1	1	0	-1.24697113674401
example-Calibrated	EAEAAIYHLQLFEELR	EAEAAIYHLQLFEELR	1930.97887714467	172.47422	2	966.496715039214	3828348.25	171.494318333333	172.614985	173.458486666667	644.667103109345	3	MSMS	4	1	1	0	0.31216432984474
example-Calibrated	HADGSFSDEMSTILDNLATR	[PeptideTermMod:Carbon Adduct]HADGSFSDEMSTILDNLATR	2190.98516155119	172.533416666667	3	731.335663650609	3863913.38656229	172.320486666667	172.55532	172.735986666667	731.335484387623	3	MSMS	4	1	1	0	-0.245455317656379
example-Calibrated	RFDEILEASDGIMVAR	RFDEILEASDGIMVAR	1820.90908350612	172.540986666667	3	607.976970968919	2325089.03125	171.549153333333	173.221153333333	173.458486666667	607.976785588173	3	MSMS	2	1	1	0	-0.305420101551852
example-Calibrated	HADGSFSDEMSTILDNLATR	HADGSFSDEMSTILDNLATR	2178.98516155119	171.624973333333	2	1090.49985724247	296806119.431701	171.494318333333	171.962486666667	173.39832	727.336634316216	3	MSMS	4	1	1	0	1.33640048207459
example-Calibrated	HADGSFSDEMSTILDNLATR	HADGSFSDEM[Mod:Oxidation and then loss of oxidized M side chain]STILD[Mod:Oxidation on D]NLATR	2162.97161948701	171.639565	3	721.997816295882	529835.174205483	171.60732	171.843653333333	171.843653333333	1082.48789991569	2	MSMS	1	1	1	0	-4.79552726958465
example-Calibrated	HADGSFSDEMSTILDNLATR	HADGSFSDEMSTILD[Mod:Water loss]NLATR	2160.97459686716	172.356568333333	3	721.332142089266	1506690.8125	171.60732	171.962486666667	172.614985	721.332306686115	3	MSMS	2	1	1	173.039653333333	0.228503633110226
example-Calibrated	HADGSFSDEMSTILDNLATR	HADGSFSDE[Metal:Calcium on E]MSTILDNLATR	2216.93210234973	171.89377	4	555.240302054312	3477578.8046875	171.549153333333	172.14082	173.101155	555.239989139919	4	MSMS	1	1	1	0	-0.564589943229843
example-Calibrated	HADGSFSDEMSTILDNLATR	HADGS[Mod:Phospho on S]FS[Mod:Phospho on S]DEMSTILDNLATR	2338.91782355119	172.125951666667	2	1170.46618824247	2454996.859375	171.549153333333	172.978153333333	173.458486666667	780.646519898715	3	MSMS	2	1	1	0	-0.0398712952757551
example-Calibrated	HADGSFSDEMSTILDNLATR	HADGSFSD[Metal:Sodium on D]EMSTILDNLATR|HADGSFSDE[Metal:Sodium on E]MSTILDNLATR	2200.96710580096	171.807243333333	2	1101.49082936736	10514210.375	171.549153333333	172.14082	173.160153333333	734.662326819118	3	MSMS	4	1	2	0	-0.888129694990056
example-Calibrated	HAEGTFTSDVSSYLEGQAAK	HAEGTFTSDVSSYLEGQAAK	2096.96507755498	173.297848333333	3	699.995635651872	30357247	171.494318333333	173.101155	173.458486666667	699.995811741563	3	MSMS	4	1	1	0	0.251920777257603
example-Calibrated	GHYTEGAELVDSVLDVVR	GHYTEGAELVDSVLDVVR	1957.97452004004	171.518136666667	2	979.994536486899	192011097.829966	171.494318333333	171.549153333333	173.458486666667	653.666246495154	3	MSMS	2	1	1	0	1.22067205726158
example-Calibrated	HADGSFSDEMSTILDNLATR	HAD[Mod:Water loss]GSFSDEMSTILDNLATR	2160.97459686716	173.203301666667	2	1081.49457490046	8065390.51547848	173.101155	173.221153333333	173.33782	721.332318277704	3	MSMS	1	1	1	173.039653333333	0.244595801382852
